learning_rate,reg_param,batch_norm,depth,num_hidden_layers,activation,train_error,test_error,train_size,optim_time
0.01,1e-06,True,16,6,Sigmoid,0.03666609525680542,0.038893163204193115,4096,0
0.01,1e-05,True,20,6,Sigmoid,0.03819415718317032,0.04225611686706543,2048,0
0.01,0.0001,True,20,6,Sigmoid,0.0416928231716156,0.04281182959675789,4096,0
0.01,1e-07,True,8,6,Sigmoid,0.043533165007829666,0.04367215558886528,4096,0
0.01,1e-06,True,20,24,Sigmoid,0.04217621311545372,0.044371455907821655,4096,1
0.01,0.0001,True,16,12,Sigmoid,0.043262798339128494,0.04530881717801094,8192,0
0.01,1e-05,True,20,6,Sigmoid,0.043592896312475204,0.04708443209528923,4096,0
0.01,0.0001,True,20,6,Sigmoid,0.048383958637714386,0.04852057993412018,8192,0
0.01,1e-07,True,20,6,Sigmoid,0.04755484312772751,0.04872216284275055,2048,0
0.01,0.0001,True,20,6,Sigmoid,0.04268714785575867,0.04887951910495758,1024,0
0.01,1e-05,True,12,12,Sigmoid,0.04848622530698776,0.04896501824259758,8192,0
0.01,1e-06,True,16,6,Sigmoid,0.049024417996406555,0.04951311647891998,8192,0
0.01,1e-06,True,16,6,Sigmoid,0.042664606124162674,0.04952095076441765,1024,0
0.01,1e-05,True,20,12,Sigmoid,0.048258740454912186,0.050272777676582336,1024,0
0.01,1e-05,True,8,24,Sigmoid,0.04641915112733841,0.050319693982601166,2048,0
0.01,1e-06,True,4,12,Sigmoid,0.04924745857715607,0.05050697550177574,2048,0
0.01,0.0001,True,20,6,Sigmoid,0.050194818526506424,0.05077453330159187,2048,0
0.01,1e-07,True,20,6,Sigmoid,0.049464352428913116,0.05080244317650795,8192,0
0.01,1e-06,True,20,6,Sigmoid,0.05051717907190323,0.05158095806837082,8192,0
0.01,1e-07,True,12,12,Sigmoid,0.052253056317567825,0.05176781117916107,8192,0
0.01,1e-07,True,20,12,Sigmoid,0.052604228258132935,0.051810748875141144,2048,0
0.01,1e-07,True,12,6,Sigmoid,0.04969647526741028,0.05207747966051102,2048,0
0.01,1e-05,True,20,6,Sigmoid,0.05167549103498459,0.05240524560213089,8192,0
0.01,1e-06,True,20,6,Sigmoid,0.051682114601135254,0.05249399691820145,4096,0
0.01,1e-07,True,8,12,Sigmoid,0.052053771913051605,0.05320514366030693,2048,0
0.01,1e-07,True,16,6,Sigmoid,0.052283257246017456,0.05351342260837555,8192,0
0.01,1e-06,True,16,6,Sigmoid,0.051377154886722565,0.05366823822259903,2048,0
0.01,1e-06,True,12,6,Sigmoid,0.054457128047943115,0.054210640490055084,8192,0
0.01,0.0001,True,16,6,Sigmoid,0.05399821326136589,0.05523654818534851,8192,0
0.01,0.0001,True,16,12,Sigmoid,0.05364317446947098,0.05572453886270523,2048,0
0.01,1e-07,True,16,12,Sigmoid,0.0505622997879982,0.05584423243999481,4096,0
0.01,1e-05,True,8,12,Sigmoid,0.057036448270082474,0.05656087398529053,4096,0
0.01,1e-05,True,20,6,Sigmoid,0.0494023934006691,0.05658554285764694,1024,0
0.01,0.0001,True,8,12,Sigmoid,0.05753503739833832,0.05664559081196785,8192,0
0.01,1e-06,True,20,6,Sigmoid,0.053440287709236145,0.05665118619799614,2048,0
0.01,1e-07,True,20,6,Sigmoid,0.05040339380502701,0.05691559985280037,1024,0
0.01,0.0001,True,16,6,Sigmoid,0.054023489356040955,0.05712391808629036,2048,0
0.01,1e-06,True,16,24,Sigmoid,0.047153957188129425,0.05719791352748871,1024,0
0.01,1e-05,True,20,24,Sigmoid,0.050068773329257965,0.05734594166278839,1024,0
0.01,0.0001,True,20,12,Sigmoid,0.05690890550613403,0.05797727033495903,8192,1
0.01,1e-06,True,8,6,Sigmoid,0.0573262982070446,0.05799197778105736,8192,0
0.01,1e-07,True,12,24,Sigmoid,0.05417054891586304,0.05818282067775726,2048,0
0.01,1e-06,True,12,12,Sigmoid,0.053283948451280594,0.05858955532312393,2048,0
0.01,1e-06,True,12,6,Sigmoid,0.05921168625354767,0.058671582490205765,4096,0
0.01,0.0001,True,16,24,Sigmoid,0.0574415847659111,0.05894260108470917,4096,1
0.01,1e-05,True,16,6,Sigmoid,0.05698569118976593,0.0591362863779068,2048,0
0.01,1e-05,True,20,24,Sigmoid,0.05772150680422783,0.059179794043302536,8192,2
0.01,0.0001,True,8,12,Sigmoid,0.0557427816092968,0.059313468635082245,4096,0
0.01,1e-05,True,16,6,Sigmoid,0.058808282017707825,0.05939088016748428,4096,0
0.01,1e-06,True,16,12,Sigmoid,0.05352415516972542,0.05941561609506607,2048,0
0.01,1e-05,True,12,12,Sigmoid,0.0588979497551918,0.05961274355649948,4096,0
0.01,1e-06,True,20,12,Sigmoid,0.058937668800354004,0.05976142734289169,8192,1
0.01,0.0001,True,12,6,Sigmoid,0.058925069868564606,0.05996521934866905,8192,0
0.01,1e-05,True,12,6,Sigmoid,0.05895347148180008,0.06008386239409447,2048,0
0.01,1e-07,True,16,12,Sigmoid,0.06076836958527565,0.0601729080080986,8192,0
0.01,0.0001,True,16,6,Sigmoid,0.06039012223482132,0.06032160297036171,4096,0
0.01,0.0001,True,20,6,Sigmoid,0.04220053181052208,0.06043027713894844,512,0
0.01,1e-05,True,20,12,Sigmoid,0.05794321000576019,0.06069536507129669,2048,0
0.01,1e-06,True,20,6,Sigmoid,0.05013363063335419,0.0607760064303875,1024,0
0.01,0.0001,True,12,6,Sigmoid,0.05747194588184357,0.06078861653804779,2048,1
0.01,1e-07,True,16,12,Sigmoid,0.056830573827028275,0.0608983151614666,2048,0
0.01,1e-05,True,16,24,Sigmoid,0.05672382935881615,0.06110256537795067,2048,0
0.01,1e-06,True,16,24,Sigmoid,0.05484272539615631,0.061119042336940765,2048,0
0.01,1e-05,True,16,6,Sigmoid,0.060742586851119995,0.061199918389320374,8192,0
0.01,1e-05,True,8,12,Sigmoid,0.06115833669900894,0.0614456906914711,8192,0
0.01,1e-06,True,20,12,Sigmoid,0.0596931055188179,0.06145564094185829,4096,0
0.01,1e-06,True,16,12,Sigmoid,0.059650905430316925,0.061742909252643585,4096,0
0.01,1e-05,True,12,6,Sigmoid,0.06144443526864052,0.062034063041210175,4096,0
0.01,1e-06,True,20,12,Sigmoid,0.05065828561782837,0.062347933650016785,1024,0
0.01,1e-05,True,8,6,Sigmoid,0.06353989243507385,0.06251546740531921,8192,0
0.01,0.0001,True,16,24,Sigmoid,0.062413182109594345,0.06267216801643372,8192,1
0.01,1e-05,True,20,6,Sigmoid,0.04467078298330307,0.06271526217460632,512,0
0.01,1e-05,True,16,6,Sigmoid,0.05271795392036438,0.06271969527006149,1024,0
0.01,1e-05,True,20,12,Sigmoid,0.06058123707771301,0.06272060424089432,8192,1
0.01,1e-07,True,16,6,Sigmoid,0.061270296573638916,0.0627436563372612,2048,0
0.01,0.0001,True,20,24,Sigmoid,0.06114494055509567,0.0628170371055603,4096,1
0.01,1e-07,True,12,12,Sigmoid,0.0534723624587059,0.06347526609897614,1024,0
0.01,1e-05,True,16,12,Sigmoid,0.06267830729484558,0.0635535717010498,4096,0
0.01,0.0001,True,12,6,Sigmoid,0.05658205598592758,0.0636911690235138,1024,0
0.01,1e-06,True,8,12,Sigmoid,0.062288783490657806,0.06374885886907578,2048,0
0.01,1e-06,True,16,6,Sigmoid,0.037218816578388214,0.0639437809586525,512,0
0.01,1e-06,True,12,6,Sigmoid,0.06069650128483772,0.06404684484004974,2048,0
0.01,0.0001,True,20,12,Sigmoid,0.06260687857866287,0.0640471875667572,4096,0
0.01,1e-07,True,20,24,Sigmoid,0.05909509211778641,0.06439197063446045,2048,1
0.01,1e-07,True,16,6,Sigmoid,0.06197711080312729,0.06459572911262512,4096,0
0.01,1e-07,True,4,6,Sigmoid,0.06527404487133026,0.06468302011489868,8192,0
0.01,1e-07,True,12,6,Sigmoid,0.06337464600801468,0.0647716224193573,8192,0
0.01,1e-07,True,20,6,Sigmoid,0.06315362453460693,0.06486587226390839,4096,0
0.01,0.0001,True,12,12,Sigmoid,0.06418401002883911,0.06522852927446365,8192,0
0.01,1e-07,True,12,6,Sigmoid,0.060346685349941254,0.06550827622413635,4096,0
0.01,1e-06,True,16,12,Sigmoid,0.06452107429504395,0.06560129672288895,8192,0
0.01,1e-05,True,12,12,Sigmoid,0.061547309160232544,0.06560672074556351,2048,0
0.01,0.0001,True,16,6,Sigmoid,0.05870407074689865,0.06586571037769318,1024,0
0.01,1e-07,True,16,6,Sigmoid,0.0426485650241375,0.06656727194786072,512,0
0.01,1e-05,True,20,12,Sigmoid,0.06432540714740753,0.0669512003660202,4096,0
0.01,0.0001,True,20,24,Sigmoid,0.0644478052854538,0.06723043322563171,8192,2
0.01,0.0001,True,8,6,Sigmoid,0.0676533579826355,0.06727072596549988,1024,0
0.01,1e-06,True,12,24,Sigmoid,0.060058534145355225,0.06794542074203491,2048,0
0.01,1e-05,True,16,24,Sigmoid,0.06631074845790863,0.06801027059555054,8192,1
0.01,1e-05,True,16,12,Sigmoid,0.06327024847269058,0.06826777011156082,2048,0
0.01,1e-07,True,12,6,Sigmoid,0.05824900045990944,0.06865454465150833,1024,0
0.01,1e-07,True,8,6,Sigmoid,0.05318062752485275,0.06871307641267776,1024,0
0.01,1e-06,True,20,12,Sigmoid,0.06599467247724533,0.06872276961803436,2048,0
0.01,1e-06,True,12,24,Sigmoid,0.0688793882727623,0.06877431273460388,8192,1
0.01,1e-06,True,8,6,Sigmoid,0.06193407624959946,0.06887928396463394,512,0
0.01,0.0001,True,12,12,Sigmoid,0.0638590008020401,0.06907445192337036,2048,0
0.01,1e-05,True,12,6,Sigmoid,0.06870997697114944,0.06957176327705383,8192,0
0.01,1e-07,True,8,6,Sigmoid,0.06927035748958588,0.06997491419315338,8192,0
0.01,0.0001,True,20,12,Sigmoid,0.05355272814631462,0.07047627866268158,1024,0
0.01,0.0001,True,16,12,Sigmoid,0.04432183504104614,0.07054836302995682,512,0
0.01,1e-06,True,20,6,Sigmoid,0.039064764976501465,0.07085654139518738,512,0
0.01,1e-06,True,16,24,Sigmoid,0.06937229633331299,0.07088453322649002,8192,1
0.01,1e-05,True,16,24,Sigmoid,0.06867870688438416,0.07097464054822922,4096,1
0.01,0.0001,True,12,6,Sigmoid,0.055678728967905045,0.07176752388477325,512,0
0.01,0.0001,True,12,6,Sigmoid,0.07005959749221802,0.07194776087999344,4096,0
0.01,1e-07,True,12,24,Sigmoid,0.06945662945508957,0.07213044166564941,4096,1
0.01,1e-06,True,12,12,Sigmoid,0.05968943238258362,0.07229384779930115,1024,0
0.01,1e-05,True,8,6,Sigmoid,0.07086005806922913,0.07229452580213547,4096,0
0.01,0.0001,True,16,24,Sigmoid,0.06290110945701599,0.07234565913677216,2048,0
0.01,1e-07,True,20,12,Sigmoid,0.05861569568514824,0.07303721457719803,1024,0
0.01,1e-07,True,8,12,Sigmoid,0.06885208934545517,0.07304958999156952,4096,0
0.01,1e-07,True,16,12,Sigmoid,0.05734892189502716,0.07336248457431793,1024,0
0.01,1e-06,True,12,12,Sigmoid,0.06803359091281891,0.07345864921808243,4096,0
0.01,1e-06,True,12,6,Sigmoid,0.05658646672964096,0.07351824641227722,512,0
0.01,1e-07,True,20,24,Sigmoid,0.0713702067732811,0.07353377342224121,8192,2
0.01,1e-05,True,12,12,Sigmoid,0.04577157646417618,0.07356244325637817,512,0
0.01,1e-06,True,8,24,Sigmoid,0.07385849952697754,0.07380247116088867,8192,1
0.01,0.0001,True,16,6,Sigmoid,0.0596676841378212,0.07386405020952225,512,0
0.01,1e-06,True,8,6,Sigmoid,0.06721668690443039,0.07415387779474258,1024,0
0.01,0.0001,True,12,12,Sigmoid,0.06414362788200378,0.07439335435628891,1024,0
0.01,1e-06,True,12,12,Sigmoid,0.07499991357326508,0.07446569204330444,8192,0
0.01,1e-05,True,12,6,Sigmoid,0.06468170881271362,0.07461194694042206,1024,0
0.01,1e-07,True,8,6,Sigmoid,0.059705913066864014,0.07470420002937317,512,0
0.01,1e-05,True,20,24,Sigmoid,0.07014711201190948,0.07486147433519363,2048,0
0.01,1e-07,True,12,12,Sigmoid,0.06916539371013641,0.07504387199878693,2048,0
0.01,0.0001,True,4,6,Sigmoid,0.07254254817962646,0.07535690069198608,2048,0
0.01,1e-07,True,20,24,Sigmoid,0.07071550190448761,0.07541246712207794,4096,1
0.01,1e-05,True,8,6,Sigmoid,0.06821605563163757,0.07553768157958984,1024,0
0.01,1e-06,True,12,24,Sigmoid,0.07113470882177353,0.07563797384500504,4096,1
0.01,0.0001,True,20,24,Sigmoid,0.06207510083913803,0.07572154700756073,1024,0
0.01,1e-07,True,8,12,Sigmoid,0.07095073163509369,0.07580781728029251,1024,0
0.01,1e-07,True,12,12,Sigmoid,0.072934590280056,0.07627987116575241,4096,0
0.01,1e-06,True,16,12,Sigmoid,0.0635424479842186,0.07641607522964478,1024,0
0.01,1e-07,True,16,24,Sigmoid,0.07228291034698486,0.0769331306219101,2048,0
0.01,0.0001,True,8,6,Sigmoid,0.0774071216583252,0.0772775188088417,8192,0
0.01,0.0001,True,16,12,Sigmoid,0.06225933879613876,0.0773591697216034,1024,0
0.01,1e-07,True,12,6,Sigmoid,0.05616947263479233,0.07777801156044006,512,0
0.01,1e-07,True,20,12,Sigmoid,0.07551778852939606,0.07792128622531891,8192,1
0.01,1e-06,True,8,12,Sigmoid,0.07863595336675644,0.07803019136190414,8192,0
0.01,1e-06,True,8,12,Sigmoid,0.06960701942443848,0.07828699797391891,1024,0
0.01,1e-05,True,8,6,Sigmoid,0.07672448456287384,0.07840864360332489,2048,0
0.01,1e-07,True,20,6,Sigmoid,0.053514014929533005,0.0785718634724617,512,0
0.01,1e-07,True,20,12,Sigmoid,0.06608355790376663,0.07912807166576385,512,0
0.01,1e-05,True,16,6,Sigmoid,0.05559498816728592,0.0795067846775055,512,0
0.01,0.0001,True,12,24,Sigmoid,0.07868490368127823,0.07952328026294708,8192,1
0.01,0.0001,True,12,12,Sigmoid,0.05329332500696182,0.07996375858783722,512,0
0.01,0.0001,True,4,12,Sigmoid,0.074455626308918,0.08006636053323746,512,0
0.01,0.0001,True,16,12,Sigmoid,0.076565220952034,0.08031333982944489,4096,0
0.01,1e-06,True,20,24,Sigmoid,0.07527631521224976,0.08042241632938385,2048,947
0.01,1e-07,True,4,6,Sigmoid,0.07833153009414673,0.08046416938304901,2048,0
0.01,1e-05,True,12,24,Sigmoid,0.06476767361164093,0.08059205114841461,1024,0
0.01,1e-07,True,16,24,Sigmoid,0.0800938531756401,0.08125246316194534,8192,2
0.01,1e-06,True,20,24,Sigmoid,0.06258773058652878,0.08130139857530594,1024,1
0.01,1e-07,True,16,6,Sigmoid,0.0777541771531105,0.08154810220003128,1024,0
0.01,1e-07,True,16,24,Sigmoid,0.06530677527189255,0.0816909670829773,1024,0
0.01,0.0001,True,8,24,Sigmoid,0.08045806735754013,0.0818558782339096,8192,1
0.01,1e-05,True,16,12,Sigmoid,0.06097066402435303,0.08186639845371246,1024,0
0.01,1e-06,True,12,12,Sigmoid,0.05530107766389847,0.08199092745780945,512,0
0.01,1e-07,True,16,12,Sigmoid,0.050710540264844894,0.08226519823074341,512,0
0.01,0.0001,True,12,24,Sigmoid,0.06743641197681427,0.08292541652917862,1024,0
0.01,1e-06,True,16,24,Sigmoid,0.07961221039295197,0.08295366913080215,4096,1
0.01,1e-07,True,20,12,Sigmoid,0.0804825872182846,0.08295547217130661,4096,0
0.01,1e-05,True,12,24,Sigmoid,0.07741054892539978,0.08323821425437927,2048,0
0.01,1e-05,True,12,6,Sigmoid,0.054345883429050446,0.08344529569149017,512,0
0.01,1e-06,True,20,24,Sigmoid,0.0836210548877716,0.08477570116519928,8192,2
0.01,1e-06,True,20,24,Sigmoid,0.05257168784737587,0.0848604142665863,512,0
0.001,0.0001,True,20,6,Sigmoid,0.08497962355613708,0.08540870994329453,2048,0
0.01,0.0001,True,16,24,Sigmoid,0.06939084827899933,0.08553619682788849,1024,0
0.01,1e-05,True,16,12,Sigmoid,0.08375060558319092,0.08585469424724579,8192,0
0.01,1e-07,True,8,24,Sigmoid,0.0817318856716156,0.08594241738319397,4096,1
0.01,0.0001,True,4,12,Sigmoid,0.08176620304584503,0.08601543307304382,8192,0
0.01,1e-05,True,12,12,Sigmoid,0.07185803353786469,0.0860649049282074,1024,0
0.01,1e-07,True,8,12,Sigmoid,0.08516433835029602,0.08709175139665604,8192,0
0.01,0.0001,True,8,6,Sigmoid,0.07354269921779633,0.0872250497341156,512,0
0.01,1e-07,True,16,24,Sigmoid,0.083611860871315,0.08780436217784882,4096,1
0.01,0.0001,True,8,12,Sigmoid,0.08520644158124924,0.08791527152061462,1024,0
0.01,0.0001,True,8,12,Sigmoid,0.0846957117319107,0.0888102799654007,2048,0
0.01,1e-07,True,8,24,Sigmoid,0.08620718121528625,0.08884427696466446,8192,1
0.01,1e-07,True,12,24,Sigmoid,0.06757520139217377,0.0889282152056694,1024,0
0.01,1e-05,True,8,24,Sigmoid,0.08950909227132797,0.0901949554681778,8192,1
0.01,0.0001,True,16,24,Sigmoid,0.05289950594305992,0.0906178429722786,512,0
0.01,1e-05,True,8,12,Sigmoid,0.08609560877084732,0.09097058326005936,2048,0
0.01,1e-05,True,20,12,Sigmoid,0.056460484862327576,0.09111100435256958,512,0
0.01,0.0001,True,20,12,Sigmoid,0.09030838310718536,0.0912608802318573,2048,0
0.01,1e-07,True,8,6,Sigmoid,0.08713018149137497,0.09152314066886902,2048,0
0.01,1e-05,True,12,24,Sigmoid,0.0892208069562912,0.09161240607500076,4096,1
0.01,1e-05,True,4,12,Sigmoid,0.08727565407752991,0.09161844104528427,4096,0
0.01,0.0001,True,20,12,Sigmoid,0.07515117526054382,0.09258769452571869,512,0
0.01,1e-06,True,12,6,Sigmoid,0.08884407579898834,0.092847540974617,1024,0
0.01,0.0001,True,12,24,Sigmoid,0.08617664873600006,0.09341152757406235,2048,0
0.01,1e-07,True,12,12,Sigmoid,0.05359908193349838,0.0935894101858139,512,0
0.01,1e-06,True,20,12,Sigmoid,0.07566660642623901,0.09358983486890793,512,0
0.01,1e-07,True,4,6,Sigmoid,0.07995046675205231,0.09359782189130783,512,0
0.01,0.0001,True,4,6,Sigmoid,0.0917978435754776,0.09392108023166656,4096,0
0.01,1e-06,True,16,12,Sigmoid,0.06206554174423218,0.09472054243087769,512,0
0.01,1e-07,True,20,24,Sigmoid,0.08047031611204147,0.09507951885461807,1024,0
0.01,1e-05,True,8,6,Sigmoid,0.07518352568149567,0.09515777975320816,512,0
0.01,1e-06,True,8,6,Sigmoid,0.09595894068479538,0.09546973556280136,2048,0
0.01,1e-06,True,8,12,Sigmoid,0.07010574638843536,0.09550699591636658,512,0
0.01,1e-06,True,8,24,Sigmoid,0.09295804798603058,0.09581512957811356,4096,52
0.01,1e-05,True,16,12,Sigmoid,0.06936664134263992,0.09630580991506577,512,0
0.01,0.0001,True,12,12,Sigmoid,0.09355679899454117,0.09652737528085709,4096,0
0.01,1e-05,True,16,24,Sigmoid,0.07851234823465347,0.09655212610960007,1024,0
0.01,0.0001,True,16,6,Sigmoid,0.04152117297053337,0.09922447055578232,256,0
0.01,1e-07,True,20,6,Sigmoid,0.0500180646777153,0.09956899285316467,256,0
0.01,0.0001,True,8,24,Sigmoid,0.09409406036138535,0.10033147037029266,4096,0
0.01,1e-06,True,8,24,Sigmoid,0.08954562246799469,0.10048513114452362,1024,0
0.01,1e-06,True,8,6,Sigmoid,0.09699400514364243,0.10052208602428436,4096,0
0.01,1e-06,True,8,12,Sigmoid,0.09890267252922058,0.10111570358276367,4096,0
0.01,1e-07,True,16,24,Sigmoid,0.06164362281560898,0.10181277245283127,512,0
0.01,1e-07,True,8,24,Sigmoid,0.09563982486724854,0.10197734087705612,2048,0
0.01,1e-05,True,16,24,Sigmoid,0.06505933403968811,0.101987324655056,512,0
0.01,0.0001,True,4,24,Sigmoid,0.09821364283561707,0.10232403874397278,2048,0
0.01,1e-06,True,8,6,Sigmoid,0.043254509568214417,0.10256217420101166,256,0
0.01,1e-07,True,12,24,Sigmoid,0.10247276723384857,0.10257493704557419,8192,2
0.01,1e-07,True,4,12,Sigmoid,0.10369949042797089,0.10280966758728027,8192,0
0.01,1e-05,True,12,24,Sigmoid,0.06998142600059509,0.10349883139133453,512,0
0.01,1e-07,True,16,6,Sigmoid,0.04662258177995682,0.10383458435535431,256,0
0.01,1e-05,True,12,24,Sigmoid,0.10142938047647476,0.10388974845409393,8192,1
0.01,1e-07,True,12,24,Sigmoid,0.07480618357658386,0.10398011654615402,512,0
0.01,1e-06,True,8,24,Sigmoid,0.10186110436916351,0.10405915975570679,2048,0
0.01,1e-05,True,8,24,Sigmoid,0.10037552565336227,0.10423583537340164,4096,0
0.01,1e-06,True,16,6,Sigmoid,0.04352930933237076,0.10469431430101395,256,0
0.01,1e-05,True,12,12,Sigmoid,0.040541090071201324,0.10497967153787613,256,0
0.01,1e-06,True,20,6,Sigmoid,0.04399137198925018,0.10584133863449097,256,0
0.01,1e-06,True,16,24,Sigmoid,0.06610654294490814,0.10651101917028427,512,0
0.01,1e-06,True,12,24,Sigmoid,0.09500111639499664,0.1076783686876297,1024,0
0.01,0.0001,True,20,24,Sigmoid,0.06985051184892654,0.10793145000934601,512,0
0.01,0.0001,True,20,6,Sigmoid,0.041929155588150024,0.10809636861085892,256,0
0.01,1e-07,True,20,24,Sigmoid,0.06954573839902878,0.1081225723028183,512,0
0.01,1e-05,True,8,24,Sigmoid,0.07275357097387314,0.10834391415119171,512,0
0.01,0.0001,True,4,24,Sigmoid,0.1118042916059494,0.10866822302341461,8192,0
0.01,0.0001,True,4,6,Sigmoid,0.08217732608318329,0.10871511697769165,512,0
0.01,1e-07,True,4,6,Sigmoid,0.10552158951759338,0.11054375767707825,4096,0
0.01,0.0001,True,12,24,Sigmoid,0.041681647300720215,0.11072476208209991,256,0
0.01,1e-05,True,16,6,Sigmoid,0.04603375494480133,0.11108788847923279,256,0
0.01,1e-05,True,20,6,Sigmoid,0.046576082706451416,0.11142274737358093,256,0
0.01,1e-05,True,4,6,Sigmoid,0.10452315956354141,0.111496701836586,8192,0
0.01,0.0001,True,20,12,Sigmoid,0.054634492844343185,0.11161810159683228,256,0
0.01,1e-05,True,20,24,Sigmoid,0.1102898120880127,0.11217770725488663,4096,1
0.01,1e-05,True,8,12,Sigmoid,0.10286717116832733,0.11390417069196701,1024,0
0.01,0.0001,True,12,12,Sigmoid,0.04962519183754921,0.11578643321990967,256,0
0.01,1e-07,True,8,12,Sigmoid,0.0937478169798851,0.11586948484182358,512,0
0.01,0.0001,True,8,24,Sigmoid,0.10733907669782639,0.11598024517297745,2048,0
0.01,0.0001,True,16,12,Sigmoid,0.04269175976514816,0.11605821549892426,256,0
0.01,0.0001,True,12,6,Sigmoid,0.06084394454956055,0.1167888194322586,256,0
0.01,1e-06,True,12,24,Sigmoid,0.08293391764163971,0.11805166304111481,512,0
0.01,1e-07,True,4,24,Sigmoid,0.1000419333577156,0.11822748929262161,1024,0
0.01,1e-05,True,12,6,Sigmoid,0.06183256953954697,0.11862409114837646,256,0
0.01,1e-07,True,20,12,Sigmoid,0.037269048392772675,0.11918098479509354,256,0
0.01,1e-05,True,8,6,Sigmoid,0.06648395955562592,0.11925820261240005,256,0
0.01,0.0001,True,8,24,Sigmoid,0.10671871900558472,0.11965794116258621,1024,0
0.01,1e-05,True,8,24,Sigmoid,0.10665331780910492,0.12096749991178513,1024,0
0.01,1e-07,True,12,6,Sigmoid,0.057441286742687225,0.12165496498346329,256,0
0.01,1e-07,True,4,24,Sigmoid,0.12479287385940552,0.12314122915267944,4096,0
0.01,1e-06,True,12,12,Sigmoid,0.04669293761253357,0.12342201173305511,256,0
0.01,1e-05,True,4,24,Sigmoid,0.11985677480697632,0.12351813912391663,4096,0
0.01,1e-06,True,4,12,Sigmoid,0.1227262020111084,0.12357983738183975,4096,0
0.01,0.0001,True,8,24,Sigmoid,0.09053981304168701,0.12371557950973511,512,0
0.01,0.0001,True,12,24,Sigmoid,0.08523721247911453,0.12447582930326462,512,0
0.01,1e-05,True,8,12,Sigmoid,0.09496493637561798,0.12450940907001495,512,0
0.01,1e-05,True,4,6,Sigmoid,0.09263686835765839,0.12500131130218506,512,0
0.01,1e-07,True,20,24,Sigmoid,0.04768411070108414,0.12571795284748077,256,0
0.01,0.0001,True,8,12,Sigmoid,0.0675123855471611,0.125746950507164,256,0
0.01,1e-06,True,16,6,Sigmoid,0.041389238089323044,0.12596285343170166,128,0
0.01,1e-05,True,20,12,Sigmoid,0.05754755437374115,0.12597805261611938,256,0
0.01,1e-06,True,12,6,Sigmoid,0.05963122844696045,0.12603262066841125,256,0
0.01,1e-05,True,16,12,Sigmoid,0.048993080854415894,0.12650448083877563,256,0
0.01,1e-05,True,20,6,Sigmoid,0.03929480165243149,0.1271059364080429,128,0
0.01,1e-07,True,16,12,Sigmoid,0.0482822023332119,0.12713217735290527,256,0
0.01,1e-05,True,8,12,Sigmoid,0.071267269551754,0.12843771278858185,256,0
0.01,0.0001,True,8,6,Sigmoid,0.06957495212554932,0.12856343388557434,256,0
0.01,0.0001,True,16,6,Sigmoid,0.030225152149796486,0.12864194810390472,128,0
0.01,1e-07,True,8,6,Sigmoid,0.07191884517669678,0.1288118064403534,256,0
0.01,1e-06,True,20,24,Sigmoid,0.047314535826444626,0.128896564245224,256,0
0.01,0.0001,True,12,24,Sigmoid,0.12655748426914215,0.1294948160648346,4096,1
0.01,1e-06,True,20,6,Sigmoid,0.039832085371017456,0.13054159283638,128,0
0.01,1e-07,True,12,12,Sigmoid,0.07395107299089432,0.13108903169631958,256,0
0.01,1e-07,True,4,6,Sigmoid,0.09163099527359009,0.13132116198539734,256,0
0.01,1e-07,True,8,24,Sigmoid,0.11622609943151474,0.1313311606645584,1024,0
0.01,0.0001,True,20,24,Sigmoid,0.04740586504340172,0.13164809346199036,256,0
0.01,0.0001,True,16,24,Sigmoid,0.05920519307255745,0.13183894753456116,256,0
0.01,1e-06,True,16,12,Sigmoid,0.050923146307468414,0.13216525316238403,256,0
0.01,1e-05,True,20,24,Sigmoid,0.05812731012701988,0.13299688696861267,256,0
0.01,0.0001,True,20,6,Sigmoid,0.03462258726358414,0.13309960067272186,128,0
0.01,1e-07,True,16,6,Sigmoid,0.03373651206493378,0.1332411766052246,128,0
0.01,1e-05,True,16,6,Sigmoid,0.039552781730890274,0.13439273834228516,128,0
0.01,1e-07,True,20,6,Sigmoid,0.03432817384600639,0.1355127990245819,128,0
0.01,1e-06,True,8,12,Sigmoid,0.08982694149017334,0.13581755757331848,256,0
0.01,0.0001,True,20,24,Sigmoid,0.13063251972198486,0.1369168907403946,2048,0
0.01,1e-06,True,12,6,Sigmoid,0.05229245498776436,0.13707472383975983,128,0
0.01,1e-05,True,16,24,Sigmoid,0.044556330889463425,0.13729940354824066,256,0
0.01,1e-06,True,20,12,Sigmoid,0.0834847241640091,0.13768267631530762,256,0
0.01,1e-06,True,16,24,Sigmoid,0.0453115850687027,0.1385372430086136,256,0
0.01,1e-05,True,8,6,Sigmoid,0.089159294962883,0.14025819301605225,128,0
0.01,1e-05,True,20,24,Sigmoid,0.11602706462144852,0.14142870903015137,512,0
0.01,1e-07,True,16,24,Sigmoid,0.06250212341547012,0.14292387664318085,256,0
0.01,1e-05,True,4,6,Sigmoid,0.10044766962528229,0.144536092877388,256,0
0.01,1e-07,True,8,6,Sigmoid,0.05612124130129814,0.14453910291194916,128,0
0.01,1e-07,True,12,6,Sigmoid,0.06714664399623871,0.1446375846862793,128,0
0.01,0.0001,True,4,12,Sigmoid,0.13763080537319183,0.14487753808498383,1024,0
0.01,0.0001,True,8,24,Sigmoid,0.062407270073890686,0.14575625956058502,256,0
0.01,1e-06,True,12,24,Sigmoid,0.07072554528713226,0.1471414715051651,256,0
0.01,1e-05,True,12,6,Sigmoid,0.05474608391523361,0.14757201075553894,128,0
0.01,1e-05,True,12,24,Sigmoid,0.05207454785704613,0.1475742757320404,256,0
0.01,1e-06,True,4,12,Sigmoid,0.1283859759569168,0.14797794818878174,8192,0
0.01,1e-06,True,8,24,Sigmoid,0.08430822193622589,0.14836400747299194,256,0
0.01,1e-07,True,8,24,Sigmoid,0.0727059468626976,0.14872899651527405,256,0
0.01,0.0001,True,4,12,Sigmoid,0.1465374380350113,0.14889299869537354,4096,0
0.01,1e-06,True,4,6,Sigmoid,0.1353021264076233,0.14889466762542725,4096,0
0.01,0.0001,True,16,12,Sigmoid,0.03082697093486786,0.14889757335186005,128,0
0.01,0.0001,True,8,12,Sigmoid,0.1527675986289978,0.14956462383270264,512,0
0.01,1e-07,True,8,12,Sigmoid,0.04604474455118179,0.14966559410095215,128,0
0.01,1e-05,True,4,6,Sigmoid,0.085391104221344,0.15069180727005005,128,0
0.01,1e-07,True,8,12,Sigmoid,0.07268790900707245,0.15097299218177795,256,0
0.01,1e-07,True,8,24,Sigmoid,0.13092824816703796,0.1510266363620758,512,0
0.01,0.0001,True,12,6,Sigmoid,0.04746324568986893,0.15137243270874023,128,0
0.01,1e-06,True,4,6,Sigmoid,0.1435025930404663,0.1514037847518921,1024,0
0.01,0.0001,True,8,6,Sigmoid,0.07544494420289993,0.15152570605278015,128,0
0.01,1e-07,True,4,6,Sigmoid,0.0807918906211853,0.15255692601203918,128,0
0.01,1e-05,True,8,24,Sigmoid,0.08293367177248001,0.15261054039001465,256,0
0.01,1e-06,True,8,6,Sigmoid,0.07847590744495392,0.15323685109615326,128,0
0.01,1e-06,True,20,12,Sigmoid,0.026514077559113503,0.15531159937381744,128,0
0.01,1e-06,True,16,12,Sigmoid,0.037875108420848846,0.15637701749801636,128,0
0.01,0.0001,True,20,12,Sigmoid,0.03838019445538521,0.15700902044773102,128,0
0.01,1e-07,True,20,12,Sigmoid,0.02884742245078087,0.15788623690605164,128,0
0.01,1e-05,True,20,12,Sigmoid,0.03382248803973198,0.15941186249256134,128,0
0.01,1e-07,True,16,12,Sigmoid,0.03149906545877457,0.15969687700271606,128,0
0.01,0.0001,True,4,12,Sigmoid,0.09984740614891052,0.15996626019477844,128,0
0.01,1e-07,True,4,24,Sigmoid,0.14240281283855438,0.16081109642982483,512,0
0.01,0.0001,True,8,12,Sigmoid,0.08490566909313202,0.16161954402923584,128,0
0.01,1e-06,True,20,24,Sigmoid,0.025544025003910065,0.16206349432468414,128,0
0.01,1e-07,True,12,12,Sigmoid,0.05823562294244766,0.1633501946926117,128,0
0.01,1e-07,True,12,24,Sigmoid,0.035177990794181824,0.1634460836648941,128,0
0.01,1e-05,True,16,12,Sigmoid,0.03230467438697815,0.1634959876537323,128,0
0.01,0.0001,True,12,24,Sigmoid,0.045668650418519974,0.16404494643211365,128,0
0.01,1e-06,True,12,12,Sigmoid,0.037166111171245575,0.16551831364631653,128,0
0.01,1e-05,True,12,12,Sigmoid,0.03942325711250305,0.16622471809387207,128,0
0.01,1e-06,True,4,24,Sigmoid,0.10742205381393433,0.16638845205307007,256,0
0.01,0.0001,True,20,24,Sigmoid,0.036322325468063354,0.16802817583084106,128,0
0.01,1e-07,True,12,24,Sigmoid,0.07971876114606857,0.16960087418556213,256,0
0.01,1e-07,True,20,24,Sigmoid,0.035833947360515594,0.17023414373397827,128,0
0.01,1e-05,True,12,24,Sigmoid,0.03955063968896866,0.17026926577091217,128,0
0.01,1e-06,True,16,24,Sigmoid,0.03315604850649834,0.17182625830173492,128,0
0.01,1e-05,True,20,24,Sigmoid,0.04058057814836502,0.17198127508163452,128,0
0.01,1e-06,True,4,24,Sigmoid,0.1674845665693283,0.17230920493602753,8192,1
0.001,1e-07,True,16,24,Sigmoid,0.1698979139328003,0.173650324344635,8192,1
0.001,0.0001,True,20,24,Sigmoid,0.16460663080215454,0.17688806354999542,4096,1
0.01,1e-07,True,4,6,Sigmoid,0.16900525987148285,0.17690420150756836,1024,0
0.01,0.0001,True,4,6,Sigmoid,0.11167319864034653,0.17941007018089294,128,0
0.01,0.0001,True,16,24,Sigmoid,0.03858448565006256,0.18245257437229156,128,0
0.01,1e-06,True,4,12,Sigmoid,0.12023194134235382,0.18269063532352448,128,0
0.01,1e-07,True,16,24,Sigmoid,0.03611978143453598,0.18270985782146454,128,0
0.01,1e-05,True,4,12,Sigmoid,0.1081397607922554,0.18276868760585785,128,0
0.01,1e-07,True,4,24,Sigmoid,0.10251861065626144,0.18288081884384155,128,0
0.01,1e-06,True,4,6,Sigmoid,0.15313273668289185,0.18591342866420746,512,0
0.01,1e-06,True,8,12,Sigmoid,0.07085531949996948,0.18704631924629211,128,0
0.01,0.0001,True,8,6,Sigmoid,0.17441973090171814,0.18785300850868225,4096,0
0.01,1e-06,True,12,24,Sigmoid,0.05238891392946243,0.18896132707595825,128,0
0.01,1e-07,True,4,24,Sigmoid,0.18928641080856323,0.19289416074752808,8192,1
0.01,1e-06,True,8,24,Sigmoid,0.0732363611459732,0.19327038526535034,128,0
0.01,1e-05,True,16,24,Sigmoid,0.048387862741947174,0.19368506968021393,128,0
0.01,1e-05,True,4,6,Sigmoid,0.19428226351737976,0.20090921223163605,1024,0
0.01,1e-06,True,4,6,Sigmoid,0.13047842681407928,0.20297707617282867,128,0
0.01,1e-05,True,4,24,Sigmoid,0.12920229136943817,0.20603638887405396,128,0
0.01,1e-05,True,8,24,Sigmoid,0.06830580532550812,0.20765554904937744,128,0
0.01,0.0001,True,8,24,Sigmoid,0.07624410092830658,0.21066397428512573,128,0
0.01,1e-06,True,4,12,Sigmoid,0.16191253066062927,0.21306389570236206,512,0
0.01,0.0001,True,12,12,Sigmoid,0.05195530131459236,0.21374201774597168,128,0
0.01,1e-06,True,8,24,Sigmoid,0.1848021149635315,0.21384297311306,512,0
0.01,1e-06,True,4,24,Sigmoid,0.19236887991428375,0.21971584856510162,512,0
0.01,1e-07,True,4,12,Sigmoid,0.21574723720550537,0.2314927577972412,2048,0
0.01,1e-07,True,4,24,Sigmoid,0.1838027983903885,0.23387333750724792,256,0
0.01,1e-05,True,8,12,Sigmoid,0.12541334331035614,0.2353258728981018,128,0
0.01,0.0001,True,4,24,Sigmoid,0.22640609741210938,0.24560979008674622,1024,0
0.01,0.0001,True,4,24,Sigmoid,0.1844259798526764,0.2784440219402313,128,0
0.01,1e-05,True,4,6,Sigmoid,0.26820167899131775,0.2842715382575989,2048,0
0.01,1e-06,True,4,6,Sigmoid,0.2797645926475525,0.28535184264183044,8192,0
0.01,0.0001,True,4,6,Sigmoid,0.2754824161529541,0.285928338766098,8192,0
0.01,1e-05,True,4,6,Sigmoid,0.304539293050766,0.3149387836456299,4096,0
0.01,1e-07,True,4,12,Sigmoid,0.21080449223518372,0.3243883550167084,128,0
0.01,0.0001,True,4,24,Sigmoid,0.3138761818408966,0.32820266485214233,4096,0
0.01,1e-05,True,4,24,Sigmoid,0.3241567313671112,0.32941675186157227,1024,0
0.01,1e-05,True,4,12,Sigmoid,0.32446783781051636,0.36788681149482727,512,0
0.01,0.0001,True,8,6,Sigmoid,0.35838547348976135,0.3681803345680237,2048,0
0.001,1e-05,True,20,12,Sigmoid,0.3883460462093353,0.4005926549434662,4096,0
0.01,1e-05,True,4,12,Sigmoid,0.4410320222377777,0.45305389165878296,2048,0
0.01,1e-05,True,4,24,Sigmoid,0.42895179986953735,0.46982866525650024,512,0
0.01,1e-05,True,4,12,Sigmoid,0.46814048290252686,0.4722250699996948,8192,0
0.01,1e-06,True,4,6,Sigmoid,0.38475874066352844,0.47486573457717896,256,0
0.01,1e-06,True,4,12,Sigmoid,0.4026302397251129,0.4925370216369629,256,0
0.001,1e-07,True,12,12,Sigmoid,0.4876004755496979,0.4986541271209717,2048,0
0.01,1e-06,True,4,24,Sigmoid,0.40997737646102905,0.5146945714950562,128,0
0.01,0.0001,True,4,24,Sigmoid,0.476301908493042,0.5185335278511047,512,0
0.01,1e-05,True,4,12,Sigmoid,0.4332747459411621,0.5264030694961548,256,0
0.001,1e-05,True,20,6,Sigmoid,0.547178328037262,0.5607083439826965,2048,0
0.01,1e-06,True,4,24,Sigmoid,0.5669454336166382,0.5807777047157288,4096,0
0.01,0.0001,True,4,24,Sigmoid,0.4995180070400238,0.6037319302558899,256,0
0.01,1e-06,True,4,6,Sigmoid,0.5942896604537964,0.607235312461853,2048,0
0.01,1e-06,True,4,24,Sigmoid,0.6015311479568481,0.6154000759124756,2048,0
0.01,1e-07,True,8,24,Sigmoid,0.49587762355804443,0.6258890628814697,128,0
0.01,1e-07,True,4,24,Sigmoid,0.6187909245491028,0.6311392784118652,2048,0
0.01,1e-06,True,4,24,Sigmoid,0.6268707513809204,0.6349015235900879,1024,0
0.01,0.0001,True,4,12,Sigmoid,0.5577224493026733,0.6465197801589966,256,0
0.001,0.0001,True,20,24,Sigmoid,0.6351819038391113,0.654922604560852,1024,0
0.001,1e-05,True,16,6,Sigmoid,0.5650548934936523,0.6887950897216797,128,0
0.001,0.0001,True,16,6,Sigmoid,0.5953344702720642,0.6940655708312988,256,0
0.01,0.0001,True,4,12,Sigmoid,0.6928961873054504,0.7045711874961853,2048,0
0.001,1e-07,True,16,12,Sigmoid,0.6054737567901611,0.7084757685661316,256,0
0.001,0.0001,True,16,6,Sigmoid,0.696864128112793,0.7127156257629395,2048,0
0.01,1e-07,True,4,12,Sigmoid,0.6781779527664185,0.7232539653778076,512,0
0.001,1e-06,True,20,12,Sigmoid,0.7315595149993896,0.7419856190681458,1024,0
0.001,1e-05,True,16,6,Sigmoid,0.7454530596733093,0.7577290534973145,2048,0
0.001,1e-05,True,20,24,Sigmoid,0.7465832233428955,0.7580807209014893,1024,0
0.001,1e-05,True,16,6,Sigmoid,0.7115893959999084,0.7639328241348267,512,0
0.001,1e-05,True,16,12,Sigmoid,0.7640746235847473,0.7671592235565186,8192,0
0.01,1e-05,True,4,24,Sigmoid,0.7684234380722046,0.7713879942893982,8192,0
0.01,1e-05,True,4,24,Sigmoid,0.7710007429122925,0.7863532900810242,2048,0
0.001,1e-05,True,20,6,Sigmoid,0.8011763095855713,0.8046644330024719,8192,0
0.01,1e-05,True,4,24,Sigmoid,0.7068146467208862,0.8067551851272583,256,0
0.001,1e-05,True,8,24,Sigmoid,0.8471847176551819,0.8535672426223755,1024,0
0.001,1e-06,True,20,24,Sigmoid,0.6484105587005615,0.8621668219566345,128,0
0.001,1e-06,True,12,6,Sigmoid,0.854847252368927,0.8634721040725708,1024,0
0.001,0.0001,True,20,24,Sigmoid,0.831808865070343,0.8813467025756836,512,0
0.001,1e-07,True,20,24,Sigmoid,0.8829447031021118,0.8856394290924072,8192,2
0.01,1e-07,True,4,12,Sigmoid,0.9058156609535217,0.9148823618888855,4096,0
0.001,1e-07,True,16,6,Sigmoid,0.9295545220375061,0.9422881007194519,4096,0
0.001,1e-05,True,16,24,Sigmoid,0.7714827060699463,0.9484546184539795,128,0
0.001,1e-06,True,12,12,Sigmoid,0.8048503398895264,0.9487109780311584,128,0
0.01,1e-07,True,4,12,Sigmoid,0.8615410327911377,0.9525051712989807,256,0
0.001,0.0001,True,20,6,Sigmoid,0.9422503709793091,0.9546523094177246,4096,0
0.001,1e-07,True,16,12,Sigmoid,0.9643166065216064,0.9780569076538086,2048,0
0.001,0.0001,True,16,24,Sigmoid,0.9622355103492737,0.9849186539649963,1024,0
0.001,1e-06,True,20,24,Sigmoid,0.9770073890686035,0.9889928698539734,1024,0
0.001,0.0001,True,16,24,Sigmoid,0.9771159887313843,0.9893200397491455,4096,1
0.001,1e-06,True,12,24,Sigmoid,0.9407471418380737,0.9908618330955505,512,0
0.001,1e-06,True,16,12,Sigmoid,0.8858855962753296,1.0107313394546509,256,0
0.001,0.0001,True,20,24,Sigmoid,0.8402224183082581,1.0198451280593872,256,0
0.001,1e-06,True,20,6,Sigmoid,1.0085622072219849,1.0235458612442017,2048,0
0.001,1e-07,True,12,6,Sigmoid,1.0342055559158325,1.0368807315826416,8192,0
0.001,1e-05,True,12,24,Sigmoid,0.9845365881919861,1.0370186567306519,512,0
0.001,1e-06,True,20,24,Sigmoid,1.0237431526184082,1.037126064300537,2048,1
0.001,1e-07,True,8,24,Sigmoid,0.911206841468811,1.0422242879867554,128,0
0.001,0.0001,True,16,6,Sigmoid,1.0079690217971802,1.0547966957092285,512,0
0.001,0.0001,True,20,12,Sigmoid,1.0439388751983643,1.0577067136764526,4096,0
0.001,0.0001,True,12,6,Sigmoid,0.9731091856956482,1.0708956718444824,256,0
0.001,1e-05,True,16,12,Sigmoid,1.0642094612121582,1.075324296951294,1024,0
0.001,1e-05,True,8,24,Sigmoid,0.9776495695114136,1.0755186080932617,256,0
0.001,1e-06,True,20,6,Sigmoid,1.0785046815872192,1.0816233158111572,8192,0
0.01,1e-07,True,4,12,Sigmoid,1.0781886577606201,1.0840342044830322,1024,0
0.001,0.0001,True,16,12,Sigmoid,1.0802810192108154,1.0929632186889648,4096,0
0.001,1e-07,True,12,12,Sigmoid,0.9963321685791016,1.0951807498931885,256,0
0.001,1e-06,True,16,24,Sigmoid,1.0486032962799072,1.1049028635025024,512,0
0.001,0.0001,True,20,12,Sigmoid,1.006122350692749,1.1332528591156006,256,0
0.001,1e-07,True,20,6,Sigmoid,1.1241159439086914,1.137176513671875,1024,0
0.01,1e-06,True,4,12,Sigmoid,1.1448297500610352,1.1490012407302856,1024,0
0.001,1e-06,True,8,6,Sigmoid,1.120598554611206,1.1634029150009155,512,0
0.001,1e-05,True,20,24,Sigmoid,1.1086843013763428,1.1757889986038208,512,0
0.001,1e-06,True,12,24,Sigmoid,1.1637210845947266,1.1763701438903809,2048,0
0.001,0.0001,True,12,24,Sigmoid,1.1762773990631104,1.1901532411575317,2048,0
0.001,1e-07,True,16,6,Sigmoid,1.0769561529159546,1.195976972579956,128,0
0.001,1e-06,True,20,6,Sigmoid,1.0744431018829346,1.202356219291687,128,0
0.001,1e-07,True,16,6,Sigmoid,1.1603081226348877,1.2118067741394043,512,0
0.001,0.0001,True,8,12,Sigmoid,1.203908920288086,1.2156000137329102,4096,0
0.001,1e-07,True,20,24,Sigmoid,1.2038030624389648,1.217702865600586,2048,1
0.001,1e-05,True,12,12,Sigmoid,1.105367660522461,1.218265414237976,256,0
0.001,1e-05,True,16,6,Sigmoid,1.208310842514038,1.2209398746490479,4096,0
0.001,0.0001,True,4,24,Sigmoid,1.1255183219909668,1.221981167793274,256,0
0.001,1e-05,True,20,24,Sigmoid,1.016926646232605,1.2276357412338257,128,0
0.001,0.0001,True,20,12,Sigmoid,1.2278470993041992,1.231196641921997,8192,1
0.001,1e-07,True,20,12,Sigmoid,1.1249127388000488,1.2533464431762695,256,0
0.001,0.0001,True,8,12,Sigmoid,1.2550084590911865,1.2660077810287476,1024,0
0.001,1e-05,True,12,24,Sigmoid,1.274424433708191,1.2775002717971802,8192,1
0.001,1e-07,True,12,24,Sigmoid,1.130781888961792,1.278018832206726,128,0
0.001,1e-07,True,16,6,Sigmoid,1.1465362310409546,1.2796272039413452,256,0
0.001,1e-06,True,12,12,Sigmoid,1.2892838716506958,1.2926859855651855,8192,1
0.001,1e-07,True,20,24,Sigmoid,1.0959253311157227,1.2940824031829834,128,0
0.001,1e-05,True,8,6,Sigmoid,1.212693691253662,1.3139512538909912,256,0
0.001,1e-06,True,20,6,Sigmoid,1.2685965299606323,1.319827914237976,512,0
0.001,0.0001,True,8,6,Sigmoid,1.3223295211791992,1.3249452114105225,8192,0
0.001,1e-06,True,16,6,Sigmoid,1.326224684715271,1.336073398590088,1024,0
0.001,0.0001,True,16,24,Sigmoid,1.2845481634140015,1.3414921760559082,512,0
0.001,1e-06,True,20,6,Sigmoid,1.3332164287567139,1.3465425968170166,4096,0
0.001,1e-06,True,20,24,Sigmoid,1.351393222808838,1.354600429534912,8192,2
0.001,1e-07,True,8,12,Sigmoid,1.3458967208862305,1.3584164381027222,2048,0
0.001,0.0001,True,20,6,Sigmoid,1.2763378620147705,1.3840837478637695,256,0
0.001,1e-06,True,8,6,Sigmoid,1.2794560194015503,1.391592025756836,128,0
0.001,1e-07,True,12,6,Sigmoid,1.2927113771438599,1.395248532295227,256,0
0.001,1e-06,True,20,12,Sigmoid,1.2251890897750854,1.3966126441955566,128,0
0.001,1e-05,True,20,24,Sigmoid,1.2444813251495361,1.3970983028411865,256,0
0.001,1e-05,True,16,6,Sigmoid,1.402940034866333,1.4060786962509155,8192,0
0.001,0.0001,True,20,12,Sigmoid,1.3931210041046143,1.4064130783081055,1024,0
0.001,1e-06,True,12,12,Sigmoid,1.2882366180419922,1.4136765003204346,256,0
0.001,0.0001,True,20,12,Sigmoid,1.4002739191055298,1.414491891860962,2048,0
0.001,1e-07,True,12,6,Sigmoid,1.4088091850280762,1.4186592102050781,1024,0
0.001,1e-06,True,16,6,Sigmoid,1.2989342212677002,1.4283864498138428,128,0
0.001,1e-07,True,16,6,Sigmoid,1.428412675857544,1.4412853717803955,2048,0
0.001,1e-05,True,20,6,Sigmoid,1.3012440204620361,1.4603703022003174,128,0
0.001,1e-05,True,16,24,Sigmoid,1.4589343070983887,1.4626094102859497,8192,1
0.001,1e-07,True,8,6,Sigmoid,1.374367594718933,1.4678618907928467,256,0
0.001,1e-05,True,20,12,Sigmoid,1.2883405685424805,1.4719319343566895,128,0
0.001,1e-05,True,12,24,Sigmoid,1.4614074230194092,1.4732544422149658,4096,1
0.001,1e-07,True,20,24,Sigmoid,1.3598040342330933,1.4842050075531006,256,0
0.001,1e-05,True,4,24,Sigmoid,1.4865907430648804,1.498252511024475,4096,0
0.01,0.0001,True,4,6,Sigmoid,1.4981348514556885,1.5035715103149414,1024,0
0.001,0.0001,True,12,12,Sigmoid,1.4922945499420166,1.504262924194336,4096,0
0.001,0.0001,True,20,12,Sigmoid,1.3545714616775513,1.5162500143051147,128,0
0.001,0.0001,True,8,6,Sigmoid,1.4243688583374023,1.5228466987609863,256,0
0.001,1e-07,True,4,24,Sigmoid,1.5165983438491821,1.5274980068206787,2048,0
0.001,1e-05,True,12,12,Sigmoid,1.4744384288787842,1.5300428867340088,512,0
0.001,1e-07,True,8,24,Sigmoid,1.528935432434082,1.540281057357788,2048,0
0.001,0.0001,True,4,6,Sigmoid,1.534155249595642,1.5406779050827026,1024,0
0.001,1e-07,True,12,6,Sigmoid,1.43910813331604,1.554011583328247,128,0
0.001,1e-05,True,20,24,Sigmoid,1.539957046508789,1.5541653633117676,2048,0
0.001,1e-07,True,16,24,Sigmoid,1.489574670791626,1.565065860748291,512,0
0.001,1e-05,True,12,12,Sigmoid,1.5702838897705078,1.5731844902038574,8192,1
0.001,1e-07,True,8,24,Sigmoid,1.568050742149353,1.57979416847229,4096,1
0.001,0.0001,True,12,12,Sigmoid,1.4413691759109497,1.5805449485778809,128,0
0.001,0.0001,True,4,24,Sigmoid,1.570349931716919,1.5820529460906982,2048,0
0.001,1e-05,True,8,24,Sigmoid,1.4558159112930298,1.583143711090088,128,0
0.001,1e-05,True,20,12,Sigmoid,1.438164234161377,1.5867737531661987,256,0
0.001,1e-06,True,4,6,Sigmoid,1.587357759475708,1.5896447896957397,8192,0
0.001,1e-05,True,12,12,Sigmoid,1.5885664224624634,1.5960259437561035,1024,0
0.001,1e-07,True,12,24,Sigmoid,1.5414903163909912,1.5988291501998901,512,0
0.001,0.0001,True,16,12,Sigmoid,1.5868327617645264,1.6011247634887695,1024,0
0.001,1e-06,True,16,24,Sigmoid,1.461769938468933,1.6027967929840088,256,0
0.001,1e-05,True,12,24,Sigmoid,1.5934183597564697,1.6042016744613647,1024,0
0.001,1e-05,True,8,24,Sigmoid,1.5937222242355347,1.604824185371399,4096,1
0.001,1e-05,True,4,24,Sigmoid,1.5700373649597168,1.6138240098953247,512,0
0.001,1e-05,True,20,12,Sigmoid,1.5537440776824951,1.6144115924835205,512,0
0.001,1e-06,True,12,12,Sigmoid,1.607332706451416,1.6170307397842407,1024,0
0.001,1e-05,True,16,24,Sigmoid,1.609138011932373,1.6220884323120117,2048,0
0.001,1e-06,True,20,6,Sigmoid,1.6111812591552734,1.6244773864746094,1024,0
0.001,1e-07,True,12,12,Sigmoid,1.6142600774765015,1.626537799835205,1024,0
0.001,1e-05,True,8,12,Sigmoid,1.6261098384857178,1.6291331052780151,8192,0
0.01,1e-05,True,4,12,Sigmoid,1.6334959268569946,1.6400753259658813,1024,0
0.001,1e-06,True,16,12,Sigmoid,1.478857159614563,1.6403523683547974,128,0
0.001,1e-07,True,8,6,Sigmoid,1.6449919939041138,1.6471569538116455,8192,0
0.001,0.0001,True,12,24,Sigmoid,1.6519659757614136,1.6640998125076294,4096,1
0.001,1e-07,True,4,6,Sigmoid,1.576444387435913,1.668163537979126,256,0
0.001,1e-05,True,16,6,Sigmoid,1.6605868339538574,1.6682777404785156,1024,0
0.001,0.0001,True,12,24,Sigmoid,1.6268101930618286,1.67164146900177,512,0
0.001,0.0001,True,12,12,Sigmoid,1.5692386627197266,1.6791486740112305,256,0
0.001,1e-05,True,12,6,Sigmoid,1.5543310642242432,1.6818565130233765,128,0
0.001,1e-05,True,16,12,Sigmoid,1.522638201713562,1.6833913326263428,128,0
0.001,0.0001,True,20,24,Sigmoid,1.666985273361206,1.6844391822814941,2048,1
0.001,1e-05,True,16,24,Sigmoid,1.6210142374038696,1.6848888397216797,512,0
0.001,1e-06,True,16,24,Sigmoid,1.5292350053787231,1.691133737564087,128,0
0.001,1e-06,True,12,6,Sigmoid,1.6861059665679932,1.6994606256484985,4096,0
0.001,1e-07,True,16,24,Sigmoid,1.6898167133331299,1.7000021934509277,1024,0
0.001,1e-06,True,8,24,Sigmoid,1.6977880001068115,1.7098063230514526,2048,0
0.001,1e-07,True,4,24,Sigmoid,1.5998988151550293,1.7118171453475952,128,0
0.001,1e-06,True,16,12,Sigmoid,1.657243013381958,1.7145124673843384,512,0
0.001,0.0001,True,12,24,Sigmoid,1.7070207595825195,1.7146133184432983,1024,0
0.001,1e-07,True,16,6,Sigmoid,1.7054800987243652,1.7162336111068726,1024,0
0.001,1e-07,True,8,12,Sigmoid,1.710681438446045,1.7232786417007446,4096,0
0.001,1e-05,True,20,12,Sigmoid,1.7082284688949585,1.7243517637252808,1024,0
0.001,0.0001,True,16,6,Sigmoid,1.569122314453125,1.7253901958465576,128,0
0.001,1e-06,True,20,24,Sigmoid,1.7126048803329468,1.7259316444396973,4096,1
0.001,1e-05,True,16,6,Sigmoid,1.623695969581604,1.7283904552459717,256,0
0.001,0.0001,True,20,24,Sigmoid,1.5785638093948364,1.7310307025909424,128,0
0.001,1e-05,True,20,24,Sigmoid,1.729433298110962,1.7328369617462158,8192,2
0.001,1e-05,True,20,6,Sigmoid,1.723512887954712,1.7362396717071533,4096,0
0.001,1e-07,True,16,6,Sigmoid,1.7376059293746948,1.7406988143920898,8192,0
0.001,0.0001,True,12,6,Sigmoid,1.6992883682250977,1.7458583116531372,512,0
0.001,1e-06,True,16,24,Sigmoid,1.7456421852111816,1.7480499744415283,8192,1
0.001,1e-07,True,16,12,Sigmoid,1.7454830408096313,1.748793125152588,8192,0
0.001,1e-06,True,12,6,Sigmoid,1.7051094770431519,1.749727487564087,512,0
0.001,1e-05,True,8,12,Sigmoid,1.7112324237823486,1.7563396692276,512,0
0.001,0.0001,True,16,24,Sigmoid,1.7416856288909912,1.756986141204834,2048,0
0.001,0.0001,True,16,12,Sigmoid,1.755281925201416,1.7581431865692139,8192,0
0.001,1e-06,True,16,6,Sigmoid,1.655255675315857,1.7589865922927856,256,0
0.001,1e-05,True,16,24,Sigmoid,1.7554093599319458,1.7640496492385864,1024,0
0.001,0.0001,True,12,12,Sigmoid,1.7599833011627197,1.770547866821289,1024,0
0.001,1e-07,True,20,24,Sigmoid,1.7602007389068604,1.7730417251586914,4096,1
0.001,1e-05,True,16,24,Sigmoid,1.767324686050415,1.7800207138061523,4096,1
0.001,1e-06,True,12,24,Sigmoid,1.7678608894348145,1.7809816598892212,4096,1
0.001,1e-06,True,8,6,Sigmoid,1.776111364364624,1.7830677032470703,1024,0
0.001,0.0001,True,20,6,Sigmoid,1.7776198387145996,1.7901077270507812,1024,0
0.001,0.0001,True,4,12,Sigmoid,1.7955923080444336,1.7982878684997559,8192,0
0.001,1e-07,True,4,24,Sigmoid,1.7937827110290527,1.800345778465271,1024,0
0.001,1e-05,True,12,12,Sigmoid,1.793152093887329,1.8048968315124512,4096,0
0.001,1e-06,True,4,12,Sigmoid,1.7956150770187378,1.8051397800445557,1024,0
0.001,0.0001,True,16,6,Sigmoid,1.7892546653747559,1.8063578605651855,1024,0
0.001,1e-05,True,4,6,Sigmoid,1.7962278127670288,1.8071843385696411,2048,0
0.001,0.0001,True,8,24,Sigmoid,1.7961382865905762,1.807502031326294,2048,0
0.001,0.0001,True,16,24,Sigmoid,1.8081116676330566,1.8109989166259766,8192,1
0.001,1e-07,True,20,12,Sigmoid,1.8209015130996704,1.8334565162658691,4096,0
0.001,1e-07,True,16,24,Sigmoid,1.822069525718689,1.8372942209243774,2048,0
0.001,1e-05,True,8,12,Sigmoid,1.7256321907043457,1.8463585376739502,128,0
0.001,1e-07,True,4,6,Sigmoid,1.8444045782089233,1.8470797538757324,8192,0
0.001,1e-05,True,8,24,Sigmoid,1.8395419120788574,1.8512277603149414,2048,0
0.001,1e-07,True,20,12,Sigmoid,1.8379005193710327,1.852859377861023,2048,0
0.001,0.0001,True,8,6,Sigmoid,1.8403531312942505,1.853698968887329,2048,0
0.001,1e-05,True,20,6,Sigmoid,1.8023099899291992,1.8571301698684692,512,0
0.001,1e-05,True,4,12,Sigmoid,1.7462046146392822,1.8579071760177612,128,0
0.001,1e-05,True,12,6,Sigmoid,1.8510065078735352,1.8629963397979736,4096,0
0.001,1e-07,True,20,12,Sigmoid,1.8584363460540771,1.8687758445739746,1024,0
0.001,1e-06,True,12,24,Sigmoid,1.8671088218688965,1.8700408935546875,8192,1
0.001,1e-07,True,8,12,Sigmoid,1.8677408695220947,1.8736915588378906,1024,0
0.001,1e-05,True,16,12,Sigmoid,1.8627710342407227,1.875377893447876,4096,0
0.001,1e-05,True,4,24,Sigmoid,1.8651281595230103,1.87664794921875,2048,0
0.001,1e-06,True,16,12,Sigmoid,1.863162636756897,1.8774175643920898,4096,0
0.001,0.0001,True,4,6,Sigmoid,1.789222240447998,1.883649230003357,256,0
0.001,1e-05,True,8,12,Sigmoid,1.8748664855957031,1.8857580423355103,4096,0
0.001,0.0001,True,4,24,Sigmoid,1.8452413082122803,1.8887333869934082,512,0
0.001,0.0001,True,8,12,Sigmoid,1.877833604812622,1.8906084299087524,2048,0
0.001,1e-07,True,20,12,Sigmoid,1.8883711099624634,1.8926095962524414,8192,1
0.001,1e-06,True,4,24,Sigmoid,1.789979100227356,1.9029061794281006,128,0
0.001,1e-06,True,12,6,Sigmoid,1.890113353729248,1.9043707847595215,2048,0
0.001,1e-06,True,12,6,Sigmoid,1.762296438217163,1.9054980278015137,128,0
0.001,0.0001,True,8,6,Sigmoid,1.7947304248809814,1.909005045890808,128,0
0.001,1e-05,True,12,12,Sigmoid,1.7540758848190308,1.909186840057373,128,0
0.001,1e-06,True,16,6,Sigmoid,1.9059338569641113,1.9095289707183838,8192,0
0.001,1e-07,True,20,6,Sigmoid,1.8968149423599243,1.9110811948776245,2048,0
0.001,1e-05,True,4,12,Sigmoid,1.9089735746383667,1.9113497734069824,8192,0
0.001,0.0001,True,8,6,Sigmoid,1.901958703994751,1.9127906560897827,4096,0
0.001,1e-07,True,12,12,Sigmoid,1.7615861892700195,1.9180432558059692,128,0
0.001,1e-07,True,20,6,Sigmoid,1.9173266887664795,1.9211264848709106,8192,0
0.001,1e-05,True,20,6,Sigmoid,1.8029506206512451,1.9240325689315796,256,0
0.001,1e-05,True,4,24,Sigmoid,1.9256476163864136,1.9280712604522705,8192,0
0.001,0.0001,True,12,6,Sigmoid,1.9286024570465088,1.9311610460281372,8192,0
0.001,0.0001,True,4,6,Sigmoid,1.930264949798584,1.932593822479248,8192,0
0.001,1e-06,True,8,6,Sigmoid,1.9222601652145386,1.934207797050476,2048,0
0.001,1e-05,True,16,24,Sigmoid,1.79448401927948,1.9485328197479248,256,0
0.001,1e-07,True,12,24,Sigmoid,1.9423916339874268,1.9513564109802246,1024,0
0.001,0.0001,True,20,6,Sigmoid,1.9072656631469727,1.9585041999816895,512,0
0.001,1e-07,True,4,12,Sigmoid,1.8464388847351074,1.9588956832885742,128,0
0.001,1e-07,True,20,6,Sigmoid,1.948494553565979,1.9629874229431152,4096,0
0.001,1e-06,True,8,12,Sigmoid,1.9648852348327637,1.9670429229736328,8192,0
0.001,1e-06,True,16,12,Sigmoid,1.9682939052581787,1.9706969261169434,8192,0
0.001,1e-05,True,4,6,Sigmoid,1.9604878425598145,1.9716482162475586,4096,0
0.001,1e-05,True,12,6,Sigmoid,1.9706239700317383,1.973023533821106,8192,0
0.001,1e-05,True,12,24,Sigmoid,1.8181935548782349,1.973366379737854,128,0
0.01,0.0001,True,4,6,Sigmoid,1.875701665878296,1.9748350381851196,256,0
0.001,0.0001,True,12,12,Sigmoid,1.9203472137451172,1.9779362678527832,512,0
0.001,0.0001,True,8,12,Sigmoid,1.9796390533447266,1.982282042503357,8192,0
0.001,0.0001,True,8,24,Sigmoid,1.9737958908081055,1.982649326324463,1024,0
0.001,1e-07,True,4,6,Sigmoid,1.971050500869751,1.982898235321045,4096,0
0.001,0.0001,True,12,12,Sigmoid,1.9839229583740234,1.9866783618927002,8192,0
0.001,1e-06,True,16,24,Sigmoid,1.9796830415725708,1.9912043809890747,2048,0
0.001,0.0001,True,16,12,Sigmoid,1.8405406475067139,1.9967904090881348,128,0
0.001,0.0001,True,8,12,Sigmoid,1.9523253440856934,1.9973783493041992,512,0
0.001,0.0001,True,16,12,Sigmoid,1.8584877252578735,2.0025439262390137,256,0
0.001,0.0001,True,12,24,Sigmoid,1.8504537343978882,2.002992630004883,128,0
0.001,0.0001,True,20,6,Sigmoid,1.8775765895843506,2.0064001083374023,128,0
0.001,0.0001,True,4,12,Sigmoid,1.9138672351837158,2.006425619125366,256,0
0.001,1e-06,True,12,6,Sigmoid,2.004133462905884,2.0071449279785156,8192,0
0.001,1e-07,True,20,6,Sigmoid,1.90094792842865,2.0118699073791504,256,0
0.001,1e-06,True,20,6,Sigmoid,1.8921887874603271,2.012303352355957,256,0
0.001,1e-07,True,12,6,Sigmoid,1.9798214435577393,2.026350259780884,512,0
0.001,0.0001,True,4,24,Sigmoid,2.0235190391540527,2.0287256240844727,1024,0
0.001,0.0001,True,8,12,Sigmoid,1.937265157699585,2.034886121749878,256,0
0.001,1e-06,True,20,12,Sigmoid,2.0451791286468506,2.048473596572876,8192,1
0.001,0.0001,True,20,12,Sigmoid,1.993476152420044,2.0496623516082764,512,0
0.001,1e-05,True,8,6,Sigmoid,2.01090145111084,2.053621292114258,512,0
0.001,1e-05,True,4,6,Sigmoid,1.9486584663391113,2.059213161468506,128,0
0.001,1e-05,True,12,24,Sigmoid,1.9447696208953857,2.0644850730895996,256,0
0.001,1e-07,True,20,24,Sigmoid,2.008704900741577,2.0647599697113037,512,0
0.001,0.0001,True,20,6,Sigmoid,2.068613052368164,2.0716662406921387,8192,0
0.001,0.0001,True,12,24,Sigmoid,1.9756100177764893,2.084261894226074,256,0
0.001,1e-06,True,4,12,Sigmoid,2.0483593940734863,2.0906569957733154,512,0
0.001,0.0001,True,12,24,Sigmoid,2.093386650085449,2.0959901809692383,8192,1
0.001,1e-06,True,4,6,Sigmoid,2.0058274269104004,2.098876476287842,256,0
0.001,1e-05,True,8,24,Sigmoid,2.100119113922119,2.102504014968872,8192,1
0.001,1e-06,True,16,12,Sigmoid,2.0896248817443848,2.10408353805542,2048,0
0.001,1e-06,True,20,24,Sigmoid,1.9734959602355957,2.1129114627838135,256,0
0.001,1e-05,True,16,12,Sigmoid,2.1035094261169434,2.1146576404571533,2048,0
0.001,1e-05,True,8,12,Sigmoid,2.0190091133117676,2.1187186241149902,256,0
0.001,0.0001,True,16,24,Sigmoid,1.9381414651870728,2.1200785636901855,128,0
0.001,0.0001,True,12,12,Sigmoid,2.112088203430176,2.1247949600219727,2048,0
0.001,1e-07,True,4,12,Sigmoid,2.0969507694244385,2.1400766372680664,512,0
0.001,1e-07,True,20,24,Sigmoid,2.121310234069824,2.1468071937561035,1024,0
0.001,1e-06,True,8,24,Sigmoid,2.111788034439087,2.1601762771606445,512,0
0.001,1e-05,True,8,6,Sigmoid,2.1513423919677734,2.163299560546875,4096,0
0.001,1e-06,True,12,12,Sigmoid,2.1502037048339844,2.164311170578003,4096,0
0.001,1e-05,True,8,12,Sigmoid,2.154369354248047,2.1671180725097656,2048,0
0.001,1e-07,True,8,6,Sigmoid,2.1646251678466797,2.1717143058776855,1024,0
0.001,1e-05,True,16,12,Sigmoid,2.0711512565612793,2.1826207637786865,256,0
0.001,0.0001,True,12,6,Sigmoid,2.1728994846343994,2.1869006156921387,4096,0
0.001,1e-06,True,8,6,Sigmoid,2.1883649826049805,2.199496269226074,4096,0
0.001,1e-07,True,4,12,Sigmoid,2.2046878337860107,2.211033821105957,1024,0
0.001,1e-07,True,4,6,Sigmoid,2.204430341720581,2.2157726287841797,2048,0
0.001,1e-07,True,4,6,Sigmoid,2.1860244274139404,2.2286319732666016,512,0
0.001,1e-06,True,8,24,Sigmoid,2.2295217514038086,2.231959819793701,8192,1
0.001,0.0001,True,8,24,Sigmoid,2.123424530029297,2.2522168159484863,128,0
0.001,0.0001,True,4,12,Sigmoid,2.141385316848755,2.2529191970825195,128,0
0.001,1e-07,True,8,24,Sigmoid,2.2196807861328125,2.264875888824463,512,0
0.001,1e-07,True,20,12,Sigmoid,2.2116947174072266,2.2660117149353027,512,0
0.001,1e-06,True,16,12,Sigmoid,2.259654998779297,2.268537759780884,1024,0
0.001,1e-07,True,16,24,Sigmoid,2.147292375564575,2.2720985412597656,256,0
0.001,1e-07,True,8,24,Sigmoid,2.1783483028411865,2.281033754348755,256,0
0.001,1e-05,True,4,6,Sigmoid,2.2780683040618896,2.284484386444092,1024,0
0.001,1e-06,True,8,12,Sigmoid,2.242309093475342,2.2865333557128906,512,0
0.001,0.0001,True,16,6,Sigmoid,2.2865381240844727,2.2899768352508545,8192,0
0.001,1e-05,True,12,12,Sigmoid,2.2956295013427734,2.308354377746582,2048,0
0.001,0.0001,True,16,12,Sigmoid,2.2486119270324707,2.309687852859497,512,0
0.001,1e-06,True,8,12,Sigmoid,2.1946699619293213,2.31422758102417,128,0
0.001,1e-05,True,12,6,Sigmoid,2.3077104091644287,2.316383123397827,1024,0
0.001,1e-05,True,20,24,Sigmoid,2.3060498237609863,2.3183536529541016,4096,1
0.001,1e-05,True,8,6,Sigmoid,2.3170411586761475,2.319577932357788,8192,0
0.001,0.0001,True,8,12,Sigmoid,2.2203028202056885,2.3334755897521973,128,0
0.001,1e-06,True,8,12,Sigmoid,2.3388631343841553,2.3518216609954834,2048,0
0.001,1e-06,True,12,12,Sigmoid,2.3216776847839355,2.3725829124450684,512,0
0.001,0.0001,True,8,24,Sigmoid,2.3273234367370605,2.3736181259155273,512,0
0.001,1e-07,True,12,24,Sigmoid,2.372562885284424,2.375593423843384,8192,1
0.001,1e-06,True,12,24,Sigmoid,2.2411062717437744,2.3770089149475098,256,0
0.001,0.0001,True,12,6,Sigmoid,2.3728301525115967,2.3813605308532715,1024,0
0.001,1e-05,True,8,6,Sigmoid,2.379054546356201,2.385284900665283,1024,0
0.001,1e-06,True,12,6,Sigmoid,2.288850784301758,2.386636257171631,256,0
0.001,1e-07,True,12,24,Sigmoid,2.2599146366119385,2.388373851776123,256,0
0.001,1e-06,True,20,12,Sigmoid,2.376807451248169,2.392103672027588,2048,0
0.001,1e-06,True,20,12,Sigmoid,2.384464979171753,2.3964126110076904,4096,0
0.001,1e-06,True,4,24,Sigmoid,2.303313732147217,2.3981339931488037,256,0
0.001,1e-06,True,4,12,Sigmoid,2.390997886657715,2.4017281532287598,4096,0
0.001,1e-07,True,16,12,Sigmoid,2.3984227180480957,2.4114248752593994,4096,0
0.001,0.0001,True,4,24,Sigmoid,2.2919931411743164,2.4130120277404785,128,0
0.001,1e-07,True,16,24,Sigmoid,2.2282567024230957,2.4167096614837646,128,0
0.001,0.0001,True,4,24,Sigmoid,2.4360647201538086,2.4380135536193848,8192,1
0.001,1e-07,True,8,6,Sigmoid,2.399486780166626,2.442824602127075,512,0
0.001,1e-07,True,20,12,Sigmoid,2.238290309906006,2.4451215267181396,128,0
0.001,1e-06,True,8,12,Sigmoid,2.3512470722198486,2.4476442337036133,256,0
0.001,1e-06,True,16,6,Sigmoid,2.4080140590667725,2.4633748531341553,512,0
0.001,1e-07,True,8,12,Sigmoid,2.334127902984619,2.464038610458374,128,0
0.001,0.0001,True,12,6,Sigmoid,2.454885721206665,2.4671590328216553,2048,0
0.001,1e-05,True,16,12,Sigmoid,2.4175589084625244,2.471407413482666,512,0
0.001,1e-07,True,16,12,Sigmoid,2.294074535369873,2.47161865234375,128,0
0.001,0.0001,True,4,6,Sigmoid,2.4610402584075928,2.472444534301758,2048,0
0.001,0.0001,True,4,12,Sigmoid,2.4295120239257812,2.4728922843933105,512,0
0.001,1e-06,True,12,24,Sigmoid,2.470526695251465,2.481389045715332,1024,0
0.001,0.0001,True,16,24,Sigmoid,2.334538459777832,2.4829795360565186,256,0
0.001,1e-07,True,12,12,Sigmoid,2.488041877746582,2.4908127784729004,8192,0
0.001,1e-07,True,8,12,Sigmoid,2.4121224880218506,2.506344795227051,256,0
0.001,1e-06,True,4,6,Sigmoid,2.4006526470184326,2.51043701171875,128,0
0.001,0.0001,True,12,6,Sigmoid,2.3830580711364746,2.5138142108917236,128,0
0.001,1e-05,True,12,6,Sigmoid,2.467902660369873,2.5144095420837402,512,0
0.001,1e-05,True,4,12,Sigmoid,2.478663444519043,2.5233683586120605,512,0
0.001,1e-06,True,8,12,Sigmoid,2.517854928970337,2.52559757232666,1024,0
0.001,1e-07,True,12,6,Sigmoid,2.512571334838867,2.5260307788848877,4096,0
0.001,1e-06,True,4,24,Sigmoid,2.4811134338378906,2.526111125946045,512,0
0.001,0.0001,True,4,24,Sigmoid,2.516047477722168,2.526658773422241,4096,0
0.001,1e-07,True,16,12,Sigmoid,2.5043210983276367,2.556934356689453,512,0
0.001,1e-07,True,4,12,Sigmoid,2.5529212951660156,2.5638527870178223,4096,0
0.001,0.0001,True,8,24,Sigmoid,2.5783462524414062,2.5811309814453125,8192,1
0.001,0.0001,True,16,6,Sigmoid,2.5717263221740723,2.585137367248535,4096,0
0.001,1e-05,True,20,12,Sigmoid,2.5943825244903564,2.5976803302764893,8192,1
0.001,0.0001,True,4,6,Sigmoid,2.4896860122680664,2.600935935974121,128,0
0.001,0.0001,True,8,24,Sigmoid,2.5981740951538086,2.6095361709594727,4096,1
0.001,1e-07,True,8,24,Sigmoid,2.600525140762329,2.609722137451172,1024,0
0.001,1e-05,True,12,6,Sigmoid,2.5247225761413574,2.6196024417877197,256,0
0.001,1e-06,True,8,24,Sigmoid,2.611246109008789,2.622994899749756,4096,1
0.001,1e-05,True,20,12,Sigmoid,2.622042417526245,2.634678840637207,2048,0
0.001,1e-07,True,8,12,Sigmoid,2.6327340602874756,2.6353018283843994,8192,0
0.001,1e-07,True,4,6,Sigmoid,2.5235066413879395,2.635944366455078,128,0
0.001,1e-06,True,8,24,Sigmoid,2.545499801635742,2.642014980316162,256,0
0.001,1e-07,True,12,12,Sigmoid,2.5953991413116455,2.648310661315918,512,0
0.001,1e-06,True,16,6,Sigmoid,2.6614396572113037,2.6752216815948486,2048,0
0.001,1e-07,True,4,12,Sigmoid,2.6749839782714844,2.677260637283325,8192,0
0.001,0.0001,True,16,12,Sigmoid,2.6659345626831055,2.6789584159851074,2048,0
0.001,0.0001,True,4,12,Sigmoid,2.6738851070404053,2.6851255893707275,4096,0
0.001,1e-05,True,4,12,Sigmoid,2.6803369522094727,2.686474084854126,1024,0
0.001,1e-07,True,8,6,Sigmoid,2.6808135509490967,2.6921815872192383,2048,0
0.001,1e-07,True,20,6,Sigmoid,2.631039619445801,2.694977283477783,512,0
0.001,1e-05,True,4,24,Sigmoid,2.6021888256073,2.696178913116455,256,0
0.001,1e-05,True,20,6,Sigmoid,2.7002148628234863,2.7124667167663574,1024,0
0.001,1e-05,True,4,12,Sigmoid,2.7049496173858643,2.715830087661743,4096,0
0.001,1e-05,True,4,12,Sigmoid,2.626283645629883,2.719874858856201,256,0
0.001,0.0001,True,4,12,Sigmoid,2.7210350036621094,2.727463722229004,1024,0
0.001,1e-05,True,8,24,Sigmoid,2.690436840057373,2.7401926517486572,512,0
0.001,1e-07,True,16,24,Sigmoid,2.7323532104492188,2.745091676712036,4096,1
0.001,0.0001,True,4,6,Sigmoid,2.7056493759155273,2.749546766281128,512,0
0.001,1e-05,True,4,24,Sigmoid,2.630509376525879,2.7533082962036133,128,0
0.001,1e-06,True,8,6,Sigmoid,2.7871603965759277,2.7898645401000977,8192,0
0.001,1e-06,True,4,12,Sigmoid,2.6846084594726562,2.7971787452697754,128,0
0.001,1e-07,True,4,24,Sigmoid,2.757652521133423,2.800043821334839,512,0
0.001,1e-07,True,8,6,Sigmoid,2.7980780601501465,2.8092706203460693,4096,0
0.001,1e-06,True,4,24,Sigmoid,2.812086820602417,2.814234495162964,8192,1
0.001,1e-07,True,4,24,Sigmoid,2.8219528198242188,2.8243408203125,8192,1
0.001,0.0001,True,4,6,Sigmoid,2.8198533058166504,2.8304800987243652,4096,0
0.001,1e-06,True,4,24,Sigmoid,2.835951328277588,2.8421483039855957,1024,0
0.001,1e-05,True,12,24,Sigmoid,2.8377747535705566,2.8511769771575928,2048,0
0.001,1e-06,True,20,24,Sigmoid,2.7829222679138184,2.8594069480895996,512,0
0.001,1e-05,True,4,6,Sigmoid,2.764816999435425,2.861051082611084,256,0
0.001,0.0001,True,20,24,Sigmoid,2.8735806941986084,2.875934362411499,8192,2
0.001,0.0001,True,4,12,Sigmoid,2.8666019439697266,2.8776161670684814,2048,0
0.001,0.0001,True,8,6,Sigmoid,2.841845750808716,2.887108325958252,512,0
0.001,1e-06,True,8,6,Sigmoid,2.798440933227539,2.892599105834961,256,0
0.001,1e-07,True,8,24,Sigmoid,2.896961212158203,2.8997278213500977,8192,1
0.001,1e-06,True,4,6,Sigmoid,2.890256643295288,2.9016051292419434,2048,0
0.001,1e-07,True,4,6,Sigmoid,2.896942615509033,2.9026029109954834,1024,0
0.001,1e-06,True,4,6,Sigmoid,2.899348020553589,2.906553268432617,1024,0
0.001,1e-06,True,4,6,Sigmoid,2.8828670978546143,2.9267587661743164,512,0
0.001,1e-06,True,16,6,Sigmoid,2.9444942474365234,2.957746982574463,4096,0
0.001,1e-06,True,8,24,Sigmoid,2.8402152061462402,2.9625720977783203,128,0
0.001,1e-05,True,4,12,Sigmoid,2.9612925052642822,2.972602605819702,2048,0
0.001,1e-07,True,12,24,Sigmoid,2.972132444381714,2.9837965965270996,4096,1
0.001,1e-06,True,4,24,Sigmoid,3.007903575897217,3.018986225128174,4096,0
0.001,0.0001,True,8,6,Sigmoid,3.0196471214294434,3.0262017250061035,1024,0
0.001,1e-06,True,20,12,Sigmoid,2.9336395263671875,3.058189868927002,256,0
0.001,1e-07,True,12,12,Sigmoid,3.049381732940674,3.0624828338623047,4096,0
0.001,1e-07,True,8,12,Sigmoid,3.0167219638824463,3.062777042388916,512,0
0.001,1e-06,True,8,12,Sigmoid,3.054816722869873,3.067319869995117,4096,0
0.001,1e-05,True,8,12,Sigmoid,3.061021566390991,3.0687506198883057,1024,0
0.001,1e-06,True,12,24,Sigmoid,2.9095544815063477,3.0818779468536377,128,0
0.001,1e-05,True,8,6,Sigmoid,2.978055715560913,3.095954656600952,128,0
0.001,1e-06,True,4,24,Sigmoid,3.0939271450042725,3.1057393550872803,2048,0
0.001,1e-06,True,4,6,Sigmoid,3.104649066925049,3.115992546081543,4096,0
0.001,1e-06,True,20,12,Sigmoid,3.065416097640991,3.1292412281036377,512,0
0.001,1e-07,True,12,24,Sigmoid,3.1255507469177246,3.1380157470703125,2048,0
0.001,1e-05,True,4,6,Sigmoid,3.0975451469421387,3.1394846439361572,512,0
0.001,1e-07,True,4,24,Sigmoid,3.130201578140259,3.141681432723999,4096,0
0.001,1e-06,True,16,24,Sigmoid,3.1318864822387695,3.1500368118286133,1024,0
0.001,1e-07,True,12,6,Sigmoid,3.152340888977051,3.1646032333374023,2048,0
0.001,1e-07,True,4,24,Sigmoid,3.0879738330841064,3.1827964782714844,256,0
0.001,1e-05,True,4,24,Sigmoid,3.1786651611328125,3.1853885650634766,1024,0
0.001,0.0001,True,8,24,Sigmoid,3.0980520248413086,3.200460910797119,256,0
0.001,1e-06,True,16,24,Sigmoid,3.196213483810425,3.208726167678833,4096,1
0.001,1e-06,True,8,24,Sigmoid,3.27396297454834,3.281846523284912,1024,0
0.001,1e-06,True,4,12,Sigmoid,3.2058234214782715,3.3073596954345703,256,0
0.001,1e-06,True,12,12,Sigmoid,3.302381992340088,3.3154191970825195,2048,0
0.001,1e-07,True,4,12,Sigmoid,3.262120008468628,3.358151435852051,256,0
0.001,1e-06,True,4,12,Sigmoid,3.4032604694366455,3.405494213104248,8192,0
0.001,1e-05,True,8,6,Sigmoid,3.4313924312591553,3.4440712928771973,2048,0
0.001,1e-07,True,20,6,Sigmoid,3.279698610305786,3.4498143196105957,128,0
0.001,1e-07,True,4,12,Sigmoid,3.4462990760803223,3.4576539993286133,2048,0
0.001,1e-06,True,4,12,Sigmoid,3.450944662094116,3.4617528915405273,2048,0
0.001,1e-05,True,12,6,Sigmoid,3.5053555965423584,3.519622802734375,2048,0
0.001,1e-07,True,16,12,Sigmoid,3.575073003768921,3.584710121154785,1024,0
0.001,1e-05,True,4,6,Sigmoid,3.710434913635254,3.7129247188568115,8192,0
0.001,1e-07,True,8,6,Sigmoid,3.6083102226257324,3.7298874855041504,128,0
